context_type,skipped
catalog,0.45652457988134754
charts,0.5551003687013519
editorial_playlist,0.5081737374870314
personalized_playlist,0.4522849462365591
radio,0.5537499407779409
user_collection,0.5464036778881803
