session_position,skipped
1,0.3773
2,0.476
3,0.5054
4,0.5297
5,0.5315
6,0.5427
7,0.5397
8,0.5405
9,0.5318
10,0.5164
11,0.5078967432741531
12,0.5294815517855024
13,0.5292303738918155
14,0.5344112769485904
15,0.5292902464217205
16,0.5294859665720593
17,0.5299017158087623
18,0.5324652472285765
19,0.5356877323420074
20,0.5463876825898144
